"5344",
"739",
"740",
"741",
"742",
"743",
"744",
"745",
"746",
"747",
"748",
"749",
"750",
"751",
"752",
"753",
"754",
"755",
"756",
"757",
"758",
"759",
"760",
"761",
"762",
"763",
"764",
"765",
"766",
"767",
"768",
"769",
"770",
"771",
"772",
"773",
"774",
"775",
"776",
"777",
"778",
"779",
"780",
"781",
"782",
"783",
"784",
"785",
"786",
"787",
"788",
"789",
"790",
"791",
"792",
"793",
"794",
"795",
"796",
"797",
"798",
"799",
"800",
"801",
"802",
"803",
"804",
"805",
"806",
"807",
"808",
"809",
"810",
"811",
"812",
"813",
"814",
"815",
"816",
"817",
"818",
"819",
"820",
"821",
"822",
"4723",
"841",
"842",
"843",
"844",
"845",
"846",
"847",
"848",
"849",
"850",
"851",
"852",
"853",
"854",
"855",
"856",
"857",
"858",
"859",
"860",
"861",
"862",
"863",
"864",
"2057",
"866",
"867",
"868",
"869",
"870",
"871",
"872",
"873",
"874",
"875",
"876",
"877",
"878",
"879",
"880",
"881",
"882",
"883",
"884",
"885",
"886",
"887",
"888",
"889",
"890",
"891",
"892",
"893",
"894",
"895",
"896",
"897",
"898",
"899",
"900",
"901",
"902",
"903",
"904",
"905",
"906",
"907",
"908",
"909",
"910",
"911",
"912",
"913",
"914",
"915",
"916",
"917",
"918",
"919",
"920",
"921",
"922",
"923",
"924",
"925",
"926",
"927",
"928",
"929",
"930",
"931",
"932",
"933",
"934",
"935",
"1069",
"937",
"938",
"939",
"940",
"941",
"942",
"943",
"944",
"945",
"946",
"947",
"948",
"949",
"950",
"951",
"952",
"953",
"954",
"955",
"956",
"957",
"958",
"959",
"960",
"961",
"962",
"963",
"964",
"965",
"966",
"967",
"968",
"969",
"970",
"971",
"972",
"973",
"974",
"975",
"976",
"977",
"978",
"979",
"980",
"981",
"982",
"983",
"984",
"985",
"986",
"987",
"988",
"989",
"990",
"991",
"992",
"993",
"994",
"995",
"996",
"997",
"998",
"999",
"1015",
"1016",
"1017",
"1018",
"1019",
"1020",
"1021",
"1022",
"1023",
"1024",
"1025",
"1027",
"1028",
"1029",
"1030",
"1031",
"1033",
"1034",
"1035",
"1036",
"1037",
"1038",
"1039",
"1040",
"1041",
"1042",
"1043",
"1044",
"1045",
"1046",
"1047",
"1048",
"1049",
"2050",
"2049",
"1070",
"1071",
"1072",
"1073",
"1074",
"1075",
"1076",
"1077",
"1078",
"1079",
"1080",
"1081",
"1082",
"1083",
"1084",
"1085",
"1086",
"1087",
"1088",
"1089",
"1090",
"1091",
"1092",
"1093",
"1094",
"1095",
"1096",
"1097",
"1098",
"1099",
"1100",
"1101",
"1102",
"1103",
"1104",
"1105",
"1106",
"1107",
"1108",
"1109",
"1110",
"1111",
"1112",
"1113",
"1114",
"1115",
"1116",
"1117",
"1118",
"1119",
"1120",
"1121",
"2051",
"2052",
"2053",
"2054",
"2055",
"2056",
"2058",
"2060",
"2061",
"2112",
"2113",
"2114",
"2115",
"2116",
"2117",
"2118",
"2119",
"2120",
"2121",
"2122",
"2123",
"2124",
"2125",
"2126",
"2127",
"2128",
"2129",
"2321",
"2322",
"2323",
"2324",
"2325",
"2326",
"2327",
"2328",
"2329",
"2330",
"2331",
"2332",
"2333",
"2334",
"2335",
"2336",
"2337",
"2338",
"2339",
"2340",
"2341",
"2342",
"2343",
"2344",
"2345",
"2346",
"2347",
"2348",
"2349",
"2350",
"2351",
"2352",
"2353",
"2354",
"2355",
"2356",
"2357",
"2358",
"2359",
"2360",
"2361",
"2362",
"2363",
"2364",
"2365",
"2366",
"2367",
"2368",
"2369",
"2370",
"2371",
"2372",
"2373",
"2374",
"2375",
"2376",
"2377",
"2378",
"2379",
"2380",
"2381",
"2382",
"2383",
"2610",
"2609",
"2607",
"2608",
"2606",
"2605",
"2604",
"2603",
"2611",
"2612",
"2613",
"2614",
"2615",
"2617",
"2618",
"2619",
"2620",
"2621",
"2622",
"4724",
"4725",
"5156",
"5157",
"5158",
"5159",
"5160",
"5161",
"5162",
"5163",
"5164",
"5165",
"5166",
"5167",
"5168",
"5169",
"5170",
"5171",
"5172",
"5173",
"5174",
"5369",
"5390"